Date,Day,Time
04/01/21,Monday,7:00 AM
04/01/21,Monday,9:00 AM
04/01/21,Monday,11:00 AM
04/01/21,Monday,1:00 PM
04/01/21,Monday,3:00 PM
04/01/21,Monday,5:00 PM
04/01/21,Monday,7:00 PM
04/02/21,Tuesday,7:00 AM
04/02/21,Tuesday,9:00 AM
04/02/21,Tuesday,11:00 AM
04/02/21,Tuesday,1:00 PM
04/02/21,Tuesday,3:00 PM
04/02/21,Tuesday,5:00 PM
04/02/21,Tuesday,7:00 PM
04/03/21,Wednesday,7:00 AM
04/03/21,Wednesday,9:00 AM
04/03/21,Wednesday,11:00 AM
04/03/21,Wednesday,1:00 PM
04/03/21,Wednesday,3:00 PM
04/03/21,Wednesday,5:00 PM
04/03/21,Wednesday,7:00 PM
04/04/21,Thursday,7:00 AM
04/04/21,Thursday,9:00 AM
04/04/21,Thursday,11:00 AM
04/04/21,Thursday,1:00 PM
04/04/21,Thursday,3:00 PM
04/04/21,Thursday,5:00 PM
04/04/21,Thursday,7:00 PM
04/05/21,Friday,7:00 AM
04/05/21,Friday,9:00 AM
04/05/21,Friday,11:00 AM
04/05/21,Friday,1:00 PM
04/05/21,Friday,3:00 PM
04/05/21,Friday,5:00 PM
04/05/21,Friday,7:00 PM
04/06/21,Saturday,7:00 AM
04/06/21,Saturday,8:00 AM
04/06/21,Saturday,9:00 AM
04/06/21,Saturday,10:00 AM
04/06/21,Saturday,11:00 AM
04/06/21,Saturday,12:00 PM
04/06/21,Saturday,1:00 PM
04/06/21,Saturday,2:00 PM
04/06/21,Saturday,3:00 PM
04/06/21,Saturday,4:00 PM
04/06/21,Saturday,5:00 PM
04/06/21,Saturday,6:00 PM
04/06/21,Saturday,7:00 PM
04/07/21,Sunday,7:00 AM
04/07/21,Sunday,8:00 AM
04/07/21,Sunday,9:00 AM
04/07/21,Sunday,10:00 AM
04/07/21,Sunday,11:00 AM
04/07/21,Sunday,12:00 PM
04/07/21,Sunday,1:00 PM
04/07/21,Sunday,2:00 PM
04/07/21,Sunday,3:00 PM
04/07/21,Sunday,4:00 PM
04/07/21,Sunday,5:00 PM
04/07/21,Sunday,6:00 PM
04/07/21,Sunday,7:00 PM